{"mean":{"confidence_interval":{"confidence_level":0.95,"lower_bound":141589768321.2,"upper_bound":142187315605.4475},"point_estimate":141875420427.6,"standard_error":151695522.05772734},"median":{"confidence_interval":{"confidence_level":0.95,"lower_bound":141368273805.0,"upper_bound":142420265978.0},"point_estimate":141743779495.5,"standard_error":216924114.58370513},"median_abs_dev":{"confidence_interval":{"confidence_level":0.95,"lower_bound":21341224.534517527,"upper_bound":781860996.9493926},"point_estimate":567395339.1187191,"standard_error":218654072.09268147},"slope":null,"std_dev":{"confidence_interval":{"confidence_level":0.95,"lower_bound":226061763.17783728,"upper_bound":622436070.9390948},"point_estimate":507311032.8258849,"standard_error":90980744.70344654}}