{"mean":{"confidence_interval":{"confidence_level":0.95,"lower_bound":8708116149.7,"upper_bound":8855618596.2},"point_estimate":8791343094.2,"standard_error":37521338.61469764},"median":{"confidence_interval":{"confidence_level":0.95,"lower_bound":8694025322.5,"upper_bound":8871288752.0},"point_estimate":8837458745.5,"standard_error":38349407.13963236},"median_abs_dev":{"confidence_interval":{"confidence_level":0.95,"lower_bound":421795.2447116375,"upper_bound":180300179.99853194},"point_estimate":49869267.191943526,"standard_error":38167751.24147784},"slope":null,"std_dev":{"confidence_interval":{"confidence_level":0.95,"lower_bound":25221684.29795498,"upper_bound":157035120.2965153},"point_estimate":124678001.27559732,"standard_error":35900523.528424434}}