{"mean":{"confidence_interval":{"confidence_level":0.95,"lower_bound":1052621278.3125,"upper_bound":1170031323.5925},"point_estimate":1105971066.2,"standard_error":29514891.185586866},"median":{"confidence_interval":{"confidence_level":0.95,"lower_bound":1050373470.0,"upper_bound":1145339230.0},"point_estimate":1053683658.5,"standard_error":29114776.255997784},"median_abs_dev":{"confidence_interval":{"confidence_level":0.95,"lower_bound":1536866.0979151726,"upper_bound":135761912.35794425},"point_estimate":5756643.625599146,"standard_error":36384799.4774981},"slope":null,"std_dev":{"confidence_interval":{"confidence_level":0.95,"lower_bound":4544388.464727695,"upper_bound":132098121.8495246},"point_estimate":98446794.6235919,"standard_error":29673561.04707369}}