{"mean":{"confidence_interval":{"confidence_level":0.95,"lower_bound":27724995.147984374,"upper_bound":28149355.812053572},"point_estimate":27904247.793859124,"standard_error":110603.63933784515},"median":{"confidence_interval":{"confidence_level":0.95,"lower_bound":27669748.541666668,"upper_bound":27975002.257142857},"point_estimate":27855813.97777778,"standard_error":78454.9076609095},"median_abs_dev":{"confidence_interval":{"confidence_level":0.95,"lower_bound":38227.96517548431,"upper_bound":393012.0282309763},"point_estimate":221397.86434461156,"standard_error":88808.62666206415},"slope":{"confidence_interval":{"confidence_level":0.95,"lower_bound":27743596.622115385,"upper_bound":27887063.14587193},"point_estimate":27821748.01168831,"standard_error":35939.35428074292},"std_dev":{"confidence_interval":{"confidence_level":0.95,"lower_bound":105205.52191785326,"upper_bound":547122.2658630793},"point_estimate":370351.34178870043,"standard_error":137364.7868551753}}