{"mean":{"confidence_interval":{"confidence_level":0.95,"lower_bound":4308758355.2,"upper_bound":4423869416.2},"point_estimate":4372391995.1,"standard_error":29644605.563191533},"median":{"confidence_interval":{"confidence_level":0.95,"lower_bound":4322736698.0,"upper_bound":4437922883.0},"point_estimate":4417865706.0,"standard_error":30782434.940185707},"median_abs_dev":{"confidence_interval":{"confidence_level":0.95,"lower_bound":4218666.319003701,"upper_bound":144843979.54000533},"point_estimate":38556431.163686514,"standard_error":37043371.404179215},"slope":null,"std_dev":{"confidence_interval":{"confidence_level":0.95,"lower_bound":22269946.450906664,"upper_bound":131624958.6625518},"point_estimate":98593877.8167706,"standard_error":26935890.794465095}}