{"mean":{"confidence_interval":{"confidence_level":0.95,"lower_bound":13997236.275629252,"upper_bound":16636549.022855444},"point_estimate":15197578.264654195,"standard_error":679314.0477985713},"median":{"confidence_interval":{"confidence_level":0.95,"lower_bound":13452531.918367347,"upper_bound":16866145.673015874},"point_estimate":14117198.407738095,"standard_error":814534.3897858992},"median_abs_dev":{"confidence_interval":{"confidence_level":0.95,"lower_bound":131968.59127851823,"upper_bound":3566830.9470960926},"point_estimate":1117403.11092463,"standard_error":869273.2684363717},"slope":{"confidence_interval":{"confidence_level":0.95,"lower_bound":14276739.085125184,"upper_bound":16345379.314058958},"point_estimate":15275134.145454545,"standard_error":522841.72030994087},"std_dev":{"confidence_interval":{"confidence_level":0.95,"lower_bound":763965.3506481682,"upper_bound":2904453.334471634},"point_estimate":2264888.019043121,"standard_error":558910.47820064}}