{"mean":{"confidence_interval":{"confidence_level":0.95,"lower_bound":183809221.06666666,"upper_bound":187564047.6},"point_estimate":185547951.4,"standard_error":960930.3684111997},"median":{"confidence_interval":{"confidence_level":0.95,"lower_bound":182849371.8333333,"upper_bound":187111988.0},"point_estimate":185359074.5,"standard_error":1092154.4370755039},"median_abs_dev":{"confidence_interval":{"confidence_level":0.95,"lower_bound":746059.6269548087,"upper_bound":5012437.495711461},"point_estimate":2620346.946379535,"standard_error":1077329.3228027294},"slope":null,"std_dev":{"confidence_interval":{"confidence_level":0.95,"lower_bound":1474655.178614095,"upper_bound":4353906.06859564},"point_estimate":3170259.385986149,"standard_error":818844.5164830943}}