{"mean":{"confidence_interval":{"confidence_level":0.95,"lower_bound":35417023596.08501,"upper_bound":35603771905.6},"point_estimate":35505625170.7,"standard_error":48453091.4680978},"median":{"confidence_interval":{"confidence_level":0.95,"lower_bound":35374179950.0,"upper_bound":35695898381.0},"point_estimate":35442012703.0,"standard_error":78745103.97903177},"median_abs_dev":{"confidence_interval":{"confidence_level":0.95,"lower_bound":21421665.961289406,"upper_bound":241331987.74131414},"point_estimate":115094404.23176587,"standard_error":61936031.24799136},"slope":null,"std_dev":{"confidence_interval":{"confidence_level":0.95,"lower_bound":76099425.1144974,"upper_bound":188189185.20255718},"point_estimate":160394981.6669302,"standard_error":26599602.71205309}}