{"mean":{"confidence_interval":{"confidence_level":0.95,"lower_bound":528632542.5,"upper_bound":598344686.8975},"point_estimate":558029910.3,"standard_error":19274022.41944968},"median":{"confidence_interval":{"confidence_level":0.95,"lower_bound":526524381.0,"upper_bound":577626713.5},"point_estimate":530359108.0,"standard_error":11788687.551707076},"median_abs_dev":{"confidence_interval":{"confidence_level":0.95,"lower_bound":875677.6593536139,"upper_bound":71041625.07205904},"point_estimate":6042129.370030761,"standard_error":15154158.521626474},"slope":null,"std_dev":{"confidence_interval":{"confidence_level":0.95,"lower_bound":2881144.611362991,"upper_bound":91945798.66844943},"point_estimate":64103048.01984466,"standard_error":25117246.23673084}}