{"mean":{"confidence_interval":{"confidence_level":0.95,"lower_bound":48953921.04571428,"upper_bound":49880007.838214286},"point_estimate":49409592.92071429,"standard_error":238103.39185283342},"median":{"confidence_interval":{"confidence_level":0.95,"lower_bound":48696861.875,"upper_bound":50185240.5},"point_estimate":49247395.891666666,"standard_error":487592.56810782367},"median_abs_dev":{"confidence_interval":{"confidence_level":0.95,"lower_bound":91378.99920269479,"upper_bound":1224062.5099885415},"point_estimate":907176.0385319067,"standard_error":348311.841191608},"slope":{"confidence_interval":{"confidence_level":0.95,"lower_bound":48842631.8526971,"upper_bound":49685463.99731183},"point_estimate":49147008.71168831,"standard_error":216926.5406519357},"std_dev":{"confidence_interval":{"confidence_level":0.95,"lower_bound":520818.2203074652,"upper_bound":893770.9301369594},"point_estimate":788560.8692123663,"standard_error":95917.5146214307}}