{"mean":{"confidence_interval":{"confidence_level":0.95,"lower_bound":1199718849.4,"upper_bound":1220421904.1},"point_estimate":1209516616.4,"standard_error":5279992.722692332},"median":{"confidence_interval":{"confidence_level":0.95,"lower_bound":1192215890.0,"upper_bound":1217934613.0},"point_estimate":1212111492.0,"standard_error":6509828.387160405},"median_abs_dev":{"confidence_interval":{"confidence_level":0.95,"lower_bound":1214781.631833315,"upper_bound":32808085.650140047},"point_estimate":13939747.433120012,"standard_error":7940442.481052372},"slope":null,"std_dev":{"confidence_interval":{"confidence_level":0.95,"lower_bound":9031446.038574576,"upper_bound":23666105.67848904},"point_estimate":17592822.407409295,"standard_error":4092613.0668043825}}