{"mean":{"confidence_interval":{"confidence_level":0.95,"lower_bound":492247477.85,"upper_bound":501682709.0},"point_estimate":496987721.95,"standard_error":2434105.730281055},"median":{"confidence_interval":{"confidence_level":0.95,"lower_bound":487891171.0,"upper_bound":504754733.5},"point_estimate":496569521.75,"standard_error":3546238.090701425},"median_abs_dev":{"confidence_interval":{"confidence_level":0.95,"lower_bound":1207790.802307427,"upper_bound":13772406.37409091},"point_estimate":12174185.841464996,"standard_error":3721162.1471258076},"slope":null,"std_dev":{"confidence_interval":{"confidence_level":0.95,"lower_bound":4883669.081432369,"upper_bound":10024489.815843087},"point_estimate":8142168.419353213,"standard_error":1339918.6112911715}}