{"mean":{"confidence_interval":{"confidence_level":0.95,"lower_bound":70637314747.5,"upper_bound":70939853272.0},"point_estimate":70789749332.1,"standard_error":77766536.08376151},"median":{"confidence_interval":{"confidence_level":0.95,"lower_bound":70468769892.0,"upper_bound":71007718981.0},"point_estimate":70805020974.0,"standard_error":128805714.01801729},"median_abs_dev":{"confidence_interval":{"confidence_level":0.95,"lower_bound":20904569.19026971,"upper_bound":445563302.3019701},"point_estimate":331117027.76819766,"standard_error":113502306.06044823},"slope":null,"std_dev":{"confidence_interval":{"confidence_level":0.95,"lower_bound":156091250.6910315,"upper_bound":308291072.3090392},"point_estimate":259366907.70532084,"standard_error":38304168.49623887}}