{"mean":{"confidence_interval":{"confidence_level":0.95,"lower_bound":4672073723.0,"upper_bound":4764684686.0},"point_estimate":4718379204.5,"standard_error":32715210.65511798},"median":{"confidence_interval":{"confidence_level":0.95,"lower_bound":4672073723.0,"upper_bound":4764684686.0},"point_estimate":4718379204.5,"standard_error":32715210.65511798},"median_abs_dev":{"confidence_interval":{"confidence_level":0.95,"lower_bound":0.0,"upper_bound":68652505.65307438},"point_estimate":68652505.65307438,"standard_error":34326374.857388884},"slope":null,"std_dev":{"confidence_interval":{"confidence_level":0.95,"lower_bound":0.0,"upper_bound":65485839.949516445},"point_estimate":65485839.949516445,"standard_error":32743036.37679737}}