{"mean":{"confidence_interval":{"confidence_level":0.95,"lower_bound":2146304750.5,"upper_bound":2294243458.1299996},"point_estimate":2219051637.8,"standard_error":37810693.25450217},"median":{"confidence_interval":{"confidence_level":0.95,"lower_bound":2089545424.0,"upper_bound":2360098538.0},"point_estimate":2214476384.5,"standard_error":75988645.62239799},"median_abs_dev":{"confidence_interval":{"confidence_level":0.95,"lower_bound":8033507.987576723,"upper_bound":200377760.11258364},"point_estimate":185987512.8166616,"standard_error":55889595.56013423},"slope":null,"std_dev":{"confidence_interval":{"confidence_level":0.95,"lower_bound":83861534.96303512,"upper_bound":143915162.24557117},"point_estimate":126203914.79429251,"standard_error":15562430.671519432}}