{"mean":{"confidence_interval":{"confidence_level":0.95,"lower_bound":636564712.3,"upper_bound":646833305.1},"point_estimate":641638459.2,"standard_error":2609376.640130622},"median":{"confidence_interval":{"confidence_level":0.95,"lower_bound":632951679.0,"upper_bound":650323669.0},"point_estimate":641924397.5,"standard_error":5177139.780455991},"median_abs_dev":{"confidence_interval":{"confidence_level":0.95,"lower_bound":952549.7266888618,"upper_bound":13906256.2410146},"point_estimate":12652054.499781132,"standard_error":3631941.7851731083},"slope":null,"std_dev":{"confidence_interval":{"confidence_level":0.95,"lower_bound":5873459.543651029,"upper_bound":9952301.933274573},"point_estimate":8715833.473746397,"standard_error":1065145.7337776218}}