{"mean":{"confidence_interval":{"confidence_level":0.95,"lower_bound":17844474839.4,"upper_bound":17999384598.5},"point_estimate":17925504424.0,"standard_error":39413863.45437452},"median":{"confidence_interval":{"confidence_level":0.95,"lower_bound":17854343578.5,"upper_bound":18055109146.0},"point_estimate":17921112061.0,"standard_error":53685498.433952875},"median_abs_dev":{"confidence_interval":{"confidence_level":0.95,"lower_bound":10670292.766964436,"upper_bound":246102105.50821424},"point_estimate":101967470.73651552,"standard_error":56025225.890407726},"slope":null,"std_dev":{"confidence_interval":{"confidence_level":0.95,"lower_bound":69726117.53793125,"upper_bound":174119923.22626486},"point_estimate":131090977.33828837,"standard_error":28633486.341937184}}