{"mean":{"confidence_interval":{"confidence_level":0.95,"lower_bound":566042362343.5,"upper_bound":568261500007.2},"point_estimate":567099930087.4,"standard_error":568687655.9545597},"median":{"confidence_interval":{"confidence_level":0.95,"lower_bound":565353247567.0,"upper_bound":568662473727.0},"point_estimate":566311361211.0,"standard_error":829179927.6097602},"median_abs_dev":{"confidence_interval":{"confidence_level":0.95,"lower_bound":59753589.97616172,"upper_bound":3133601437.5000534},"point_estimate":1614116816.0945983,"standard_error":775822437.5595659},"slope":null,"std_dev":{"confidence_interval":{"confidence_level":0.95,"lower_bound":958433929.1711829,"upper_bound":2338152485.433309},"point_estimate":1894614242.4125736,"standard_error":353737813.5304202}}