{"mean":{"confidence_interval":{"confidence_level":0.95,"lower_bound":534057590.8225,"upper_bound":546119065.77},"point_estimate":539590855.2,"standard_error":3093145.3265665188},"median":{"confidence_interval":{"confidence_level":0.95,"lower_bound":531560165.0,"upper_bound":545383437.0},"point_estimate":539075984.5,"standard_error":3367537.9895359552},"median_abs_dev":{"confidence_interval":{"confidence_level":0.95,"lower_bound":1292208.1915587187,"upper_bound":15501948.199385405},"point_estimate":8934400.965982676,"standard_error":3422880.6878136634},"slope":null,"std_dev":{"confidence_interval":{"confidence_level":0.95,"lower_bound":4661275.2849233765,"upper_bound":14020622.651886554},"point_estimate":10258294.947000086,"standard_error":2618128.672184877}}