{"mean":{"confidence_interval":{"confidence_level":0.95,"lower_bound":808624659.6,"upper_bound":822553766.6175},"point_estimate":815749898.4,"standard_error":3566515.4044021377},"median":{"confidence_interval":{"confidence_level":0.95,"lower_bound":806455625.0,"upper_bound":826780869.0},"point_estimate":814944830.0,"standard_error":5620905.962612433},"median_abs_dev":{"confidence_interval":{"confidence_level":0.95,"lower_bound":3353875.3912568092,"upper_bound":20856572.98132181},"point_estimate":12820915.223783255,"standard_error":4548482.928050011},"slope":null,"std_dev":{"confidence_interval":{"confidence_level":0.95,"lower_bound":7226362.626996117,"upper_bound":15003367.826899385},"point_estimate":11955592.750161493,"standard_error":2056108.6700495342}}