{"mean":{"confidence_interval":{"confidence_level":0.95,"lower_bound":1125168992824.7,"upper_bound":1130190256686.895},"point_estimate":1127576753723.4,"standard_error":1291593442.647879},"median":{"confidence_interval":{"confidence_level":0.95,"lower_bound":1123394602082.0,"upper_bound":1131215589290.0},"point_estimate":1125801959599.0,"standard_error":2204082471.962038},"median_abs_dev":{"confidence_interval":{"confidence_level":0.95,"lower_bound":186955089.43538368,"upper_bound":6889889782.333705},"point_estimate":3756103280.7745366,"standard_error":1757371505.106591},"slope":null,"std_dev":{"confidence_interval":{"confidence_level":0.95,"lower_bound":2429930423.546868,"upper_bound":5250496949.047881},"point_estimate":4295464488.710552,"standard_error":722995489.3813088}}