{"mean":{"confidence_interval":{"confidence_level":0.95,"lower_bound":2217070095122.0,"upper_bound":2218509364882.0},"point_estimate":2217789730002.0,"standard_error":509151216.18175006},"median":{"confidence_interval":{"confidence_level":0.95,"lower_bound":2217070095122.0,"upper_bound":2218509364882.0},"point_estimate":2217789730002.0,"standard_error":509151216.18175006},"median_abs_dev":{"confidence_interval":{"confidence_level":0.95,"lower_bound":0.0,"upper_bound":1066930654.1461945},"point_estimate":1066930654.1461945,"standard_error":533467647.77216876},"slope":null,"std_dev":{"confidence_interval":{"confidence_level":0.95,"lower_bound":0.0,"upper_bound":1017717407.2527348},"point_estimate":1017717407.2527348,"standard_error":508860917.2809977}}