{"mean":{"confidence_interval":{"confidence_level":0.95,"lower_bound":270924246.38374996,"upper_bound":305012516.15},"point_estimate":285348054.05,"standard_error":9137487.222281178},"median":{"confidence_interval":{"confidence_level":0.95,"lower_bound":269497726.5,"upper_bound":296165615.25},"point_estimate":270978584.0,"standard_error":6220518.708016411},"median_abs_dev":{"confidence_interval":{"confidence_level":0.95,"lower_bound":117954.17130589485,"upper_bound":34968006.23269379},"point_estimate":2313473.4618276358,"standard_error":7733983.279442774},"slope":null,"std_dev":{"confidence_interval":{"confidence_level":0.95,"lower_bound":2103642.397558136,"upper_bound":43334874.41226406},"point_estimate":30539700.073276605,"standard_error":11405734.316931866}}